{
    "$schema": "https://schema.management.azure.com/schemas/2015-01-01/deploymentParameters.json#",
    "contentVersion": "1.0.0.0",
    "parameters": {
        "administratorLogin": {
            "value": "chanley54"
        },
        "administratorLoginPassword": {
            "value": null
        },
        "collation": {
            "value": "SQL_Latin1_General_CP1_CI_AS"
        },
        "databaseName": {
            "value": "chanleydb"
        },
        "tier": {
            "value": "GeneralPurpose"
        },
        "skuName": {
            "value": "GP_Gen5_2"
        },
        "location": {
            "value": "eastus"
        },
        "maxSizeBytes": {
            "value": 34359738368
        },
        "sampleName": {
            "value": ""
        },
        "serverName": {
            "value": "chanley54"
        },
        "licenseType": {
            "value": "LicenseIncluded"
        },
        "readScaleOut": {
            "value": "Disabled"
        },
        "zoneRedundant": {
            "value": false
        },
        "numberOfReplicas": {
            "value": 0
        },
        "enableADS": {
            "value": false
        },
        "allowAzureIps": {
            "value": true
        },
        "allowClientIp": {
            "value": true
        },
        "clientIpValue": {
            "value": "73.138.247.79"
        },
        "databaseTags": {
            "value": {
                "name": "chanley54",
                "owner": "chanley54@gmail.com",
                "TechnicalContact": "chanley54@gmail.com",
                "Environment": "Dev"
            }
        },
        "serverTags": {
            "value": {
                "name": "chanley54",
                "owner": "chanley54@gmail.com",
                "TechnicalContact": "chanley54@gmail.com",
                "Environment": "Dev"
            }
        },
        "enableVA": {
            "value": false
        },
        "enablePrivateEndpoint": {
            "value": false
        },
        "privateEndpointNestedTemplateId": {
            "value": "pe-faad7c33-c2b3-42e8-b8ef-19f1b10b000b"
        },
        "privateEndpointSubscriptionId": {
            "value": ""
        },
        "privateEndpointResourceGroup": {
            "value": ""
        },
        "privateEndpointName": {
            "value": ""
        },
        "privateEndpointLocation": {
            "value": ""
        },
        "privateEndpointSubnetId": {
            "value": ""
        },
        "privateLinkServiceName": {
            "value": ""
        },
        "privateLinkServiceServiceId": {
            "value": ""
        },
        "privateEndpointVnetSubscriptionId": {
            "value": ""
        },
        "privateEndpointVnetResourceGroup": {
            "value": ""
        },
        "privateEndpointVnetName": {
            "value": ""
        },
        "privateEndpointSubnetName": {
            "value": ""
        },
        "enablePrivateDnsZone": {
            "value": true
        },
        "privateEndpointDnsRecordUniqueId": {
            "value": "faad7c33-c2b3-42e8-b8ef-19f1b10b000e"
        },
        "privateEndpointTemplateLink": {
            "value": "https://sqlazureextension.hosting.portal.azure.net/sqlazureextension/Content/2.0.20200220.44-/DeploymentTemplates/PrivateEndpoint.json"
        },
        "privateDnsForPrivateEndpointTemplateLink": {
            "value": "https://sqlazureextension.hosting.portal.azure.net/sqlazureextension/Content/2.0.20200220.44-/DeploymentTemplates/PrivateDnsForPrivateEndpoint.json"
        },
        "privateDnsForPrivateEndpointNicTemplateLink": {
            "value": "https://sqlazureextension.hosting.portal.azure.net/sqlazureextension/Content/2.0.20200220.44-/DeploymentTemplates/PrivateDnsForPrivateEndpointNic.json"
        },
        "privateDnsForPrivateEndpointIpConfigTemplateLink": {
            "value": "https://sqlazureextension.hosting.portal.azure.net/sqlazureextension/Content/2.0.20200220.44-/DeploymentTemplates/PrivateDnsForPrivateEndpointIpConfig.json"
        },
        "clientIpRuleName": {
            "value": "ClientIp-2020-2-24_13-47-0"
        }
    }
}