{
  "id": "/subscriptions/a192e78c-6b15-4954-b587-3cce7c28eb26/resourceGroups/chanley_rg/providers/Microsoft.Resources/deployments/Microsoft.DataFactory-chanleydf",
  "name": "Microsoft.DataFactory-chanleydf",
  "type": "Microsoft.Resources/deployments",
  "tags": {
    "primaryResourceId": "/subscriptions/a192e78c-6b15-4954-b587-3cce7c28eb26/resourcegroups/chanley_rg/providers/Microsoft.DataFactory/factories/chanleydf",
    "marketplaceItemId": "Microsoft.DataFactory"
  },
  "properties": {
    "templateHash": "11755885318847910249",
    "parameters": {
      "name": {
        "type": "String",
        "value": "chanleydf"
      },
      "location": {
        "type": "String",
        "value": "eastus"
      },
      "apiVersion": {
        "type": "String",
        "value": "2018-06-01"
      },
      "gitAccountName": {
        "type": "String",
        "value": "chanley54"
      },
      "gitRepositoryName": {
        "type": "String",
        "value": "azuretraining"
      },
      "gitBranchName": {
        "type": "String",
        "value": "master"
      },
      "gitRootFolder": {
        "type": "String",
        "value": "/azuretraining"
      }
    },
    "mode": "Incremental",
    "debugSetting": {
      "detailLevel": "None"
    },
    "provisioningState": "Running",
    "timestamp": "2020-02-24T18:24:35.9946543Z",
    "duration": "PT0.4128598S",
    "correlationId": "ecefe43a-710a-446b-b28a-455ae7fe64cf",
    "providers": [
      {
        "namespace": "Microsoft.DataFactory",
        "resourceTypes": [
          {
            "resourceType": "factories",
            "locations": [
              "eastus"
            ]
          }
        ]
      }
    ],
    "dependencies": [],
    "validationLevel": "Template"
  }
}